<?xml version="1.0" encoding="UTF-8"?>
<!DOCTYPE hibernate-configuration PUBLIC "-//Hibernate/Hibernate Configuration DTD 3.0//EN"
                                         "http://www.hibernate.org/dtd/hibernate-configuration-3.0.dtd">
<hibernate-configuration>
 <session-factory name="">
  <property name="hibernate.connection.driver_class">com.mysql.cj.jdbc.Driver</property>
  <property name="hibernate.connection.url">jdbc:mysql://localhost:3306/webtech</property>
  <property name="hibernate.connection.username">root</property>
  <property name="hibernate.dialect">org.hibernate.dialect.MySQL8Dialect</property>
  <property name="hibernate.show_sql">true</property>
  <property name="hibernate.current_session_context_class">thread</property>
  <property name="hibernate.hbm2ddl.auto">update</property>
  <mapping class="com.auca.ruth.model.Users"/>
  <mapping class="com.auca.ruth.model.Academic_unit"/>
  <mapping class="com.auca.ruth.model.Course_Definition"/>
  <mapping class="com.auca.ruth.model.Course"/>
  <mapping class="com.auca.ruth.model.StudentRegistration"/>
  <mapping class="com.auca.ruth.model.Student"/>
  <mapping class="com.auca.ruth.model.Teacher"/>
  <mapping class="com.auca.ruth.model.Semester"/>
 </session-factory>
</hibernate-configuration>
